accession	accession_version	strain	isolate	date	region	country	division	location	length	host	is_lab_host	date_released	date_updated	authors	full_authors	institution	url	genotype	MuV_genotype	taxon_id	MuV_genotype_nextclade_sh	MuV_genotype_nextclade_genome	MuV_genotype_nextclade_genome_new	Match
MT238912	MT238912.1	MuVs/Middelburg.NLD/33.18[G]		2018-XX-XX	Europe	Netherlands	Middelburg		428	Homo sapiens		2020-04-29	2020-04-29	Bodewes et al.	"Bodewes,R.,van de Nes-Reijnen,L.,Kerkhof,J.,Cremer,J.,van Binnendijk,R.,Veldhuijzen,I."	"National Institute for Public Health and the Environment RIVM, Centre for Infectious Disease Research, Diagnostics and laboratory Surveillance (IDS)"	https://www.ncbi.nlm.nih.gov/nuccore/MT238912	Mumps virus genotype G	G	1384672		unclassified	G	FALSE
OQ408150	OQ408150.1	MuVs/Palencia.ESP/46.17/2[G]	201760226	2017-11-13	Europe	Spain	Palencia		381	Homo sapiens		2023-08-15	2023-08-15	Gavilan et al.	"Gavilan,A.M.,Castellanos,A.,Echevarria,J.E.,Fernandez-Garcia,A."	"National Centre for Microbiology, Virology"	https://www.ncbi.nlm.nih.gov/nuccore/OQ408150	Mumps virus genotype G	G	1384672	G	unclassified	G	FALSE
OR413936	OR413936.1	MuVi/Baghdad.IRQ/2.2022	No.6	2022-09-10	Asia	Iraq	Baghdad		589	Homo sapiens		2023-10-07	2023-10-07	Abady et al.	"Abady,N.R."	"Department of Medical Microbiology; Al-Qasim green university, microbiology"	https://www.ncbi.nlm.nih.gov/nuccore/OR413936	Mumps orthorubulavirus		2560602	G	unclassified	G	FALSE
U50281	U50281.1	SEv35		XXXX-XX-XX					300			1997-02-13	1997-02-13	Orvell et al.	"Orvell,C.,Kalantari,M.,Johansson,B."	"Bo Johansson, Clinical Virology, Huddinge University Hospital, F68, Huddinge S-141 86"	https://www.ncbi.nlm.nih.gov/nuccore/U50281	Mumps orthorubulavirus		2560602	D	unclassified	D	FALSE
U50294	U50294.1	SEv33		XXXX-XX-XX					300			1997-02-13	1997-02-13	Orvell et al.	"Orvell,C.,Kalantari,M.,Johansson,B."	"Bo Johansson, Clinical Virology, Huddinge University Hospital, F68, Huddinge S-141 86"	https://www.ncbi.nlm.nih.gov/nuccore/U50294	Mumps orthorubulavirus		2560602	D	unclassified	D	FALSE
U80435	U80435.1	Wsh3		XXXX-XX-XX					380			1997-01-28	1998-01-21	Kunkel et al.	"Kunkel,U.,Schreier,E.,Siegl,G.,Schultze,D.,Driesel,G.,Henning,U.,Gerike,E.,Willers,H.,Wu,L.,Bai,Z.,Li,Y.,Ning,X.,Yang,Z."	"Lanzhou Institute of Biological Products, Research Department of Virology, 118 Yanchang Road, Lanzhou, Gansu Province, Lanzhou 730046 People'S Republic Of China"	https://www.ncbi.nlm.nih.gov/nuccore/U80435	Mumps orthorubulavirus		2560602	F	unclassified	F	FALSE
M28753	M28753.1	TH/77		XXXX-XX-XX					223			1993-08-04	1994-05-05	Yamada et al.	"Yamada,A.,Takeuchi,K.,Tanabayashi,K.,Hishiyama,M.,Sugiura,A."		https://www.ncbi.nlm.nih.gov/nuccore/M28753	Mumps orthorubulavirus		2560602		unclassified	B	FALSE
MK276758	MK276758.1	MuVs/Middelburg.NLD/33.18[G]	18248	2018-XX-XX	Europe	Netherlands	Middelburg		428	Homo sapiens		2019-02-20	2019-02-20	Bodewes et al.	"Bodewes,R.,van Rooijen,K.,Cremer,J.,Veldhuijzen,I.K.,van Binnendijk,R."	"National Institute for Public Health and the Environment RIVM, Centre for Infectious Disease Research, Diagnostics and laboratory Surveillance (IDS)"	https://www.ncbi.nlm.nih.gov/nuccore/MK276758	Mumps virus genotype G	G	1384672		unclassified	G	FALSE
A44847	A44847.1	JERYL LYNN - 1		XXXX-XX-XX					393			1997-03-07	1997-03-07	Harford et al.	"Harford,N.M.,Colau,B.D.,Didelez,J."		https://www.ncbi.nlm.nih.gov/nuccore/A44847	Mumps orthorubulavirus		2560602	A	unclassified	A	FALSE
AF142774	AF142774.1	Tay/UK50s		XXXX-XX-XX					318			1999-09-11	1999-09-11	Jin et al.	"Jin,L.,Beard,S.,Brown,D.W.,Brown,D.W.G."	"Central Public Health Laboratory, Virus Reference Division"	https://www.ncbi.nlm.nih.gov/nuccore/AF142774	Mumps orthorubulavirus		2560602	unclassified	unclassified	B	FALSE
AF365884	AF365884.1	DK/79/02	DK/79/02	XXXX-XX-XX	Europe	Denmark			300			2002-01-26	2002-05-16	Tecle et al.	"Tecle,T.,Bottiger,B.,Orvell,C.,Johansson,B."	"Karolinska Institute, Department of Microbiology, Pathology and Infectious Diseases"	https://www.ncbi.nlm.nih.gov/nuccore/AF365884	Mumps orthorubulavirus		2560602	D	unclassified	D	FALSE
AF365885	AF365885.1	DK/79/03	DK/79/03	XXXX-XX-XX	Europe	Denmark			283			2002-01-26	2002-05-16	Tecle et al.	"Tecle,T.,Bottiger,B.,Orvell,C.,Johansson,B."	"Karolinska Institute, Department of Microbiology, Pathology and Infectious Diseases"	https://www.ncbi.nlm.nih.gov/nuccore/AF365885	Mumps orthorubulavirus		2560602	D	unclassified	D	FALSE
AF365887	AF365887.1	DK/80/01	DK/80/01	XXXX-XX-XX	Europe	Denmark			300			2002-01-26	2002-05-16	Tecle et al.	"Tecle,T.,Bottiger,B.,Orvell,C.,Johansson,B."	"Karolinska Institute, Department of Microbiology, Pathology and Infectious Diseases"	https://www.ncbi.nlm.nih.gov/nuccore/AF365887	Mumps orthorubulavirus		2560602	D	unclassified	D	FALSE
AF365888	AF365888.1	DK/80/02	DK/80/02	XXXX-XX-XX	Europe	Denmark			300			2002-01-26	2002-05-16	Tecle et al.	"Tecle,T.,Bottiger,B.,Orvell,C.,Johansson,B."	"Karolinska Institute, Department of Microbiology, Pathology and Infectious Diseases"	https://www.ncbi.nlm.nih.gov/nuccore/AF365888	Mumps orthorubulavirus		2560602	D	unclassified	D	FALSE
AF365889	AF365889.1	DK/80/03	DK/80/03	XXXX-XX-XX	Europe	Denmark			300			2002-01-26	2002-05-16	Tecle et al.	"Tecle,T.,Bottiger,B.,Orvell,C.,Johansson,B."	"Karolinska Institute, Department of Microbiology, Pathology and Infectious Diseases"	https://www.ncbi.nlm.nih.gov/nuccore/AF365889	Mumps orthorubulavirus		2560602	D	unclassified	D	FALSE
AF365893	AF365893.1	DK/82/02	DK/82/02	XXXX-XX-XX	Europe	Denmark			300			2002-01-26	2002-05-16	Tecle et al.	"Tecle,T.,Bottiger,B.,Orvell,C.,Johansson,B."	"Karolinska Institute, Department of Microbiology, Pathology and Infectious Diseases"	https://www.ncbi.nlm.nih.gov/nuccore/AF365893	Mumps orthorubulavirus		2560602	D	unclassified	D	FALSE
AF365895	AF365895.1	DK/82/04	DK/82/04	XXXX-XX-XX	Europe	Denmark			300			2002-01-26	2002-05-16	Tecle et al.	"Tecle,T.,Bottiger,B.,Orvell,C.,Johansson,B."	"Karolinska Institute, Department of Microbiology, Pathology and Infectious Diseases"	https://www.ncbi.nlm.nih.gov/nuccore/AF365895	Mumps orthorubulavirus		2560602	D	unclassified	D	FALSE
AF365899	AF365899.1	DK/82/08	DK/82/08	XXXX-XX-XX	Europe	Denmark			300			2002-01-26	2002-05-16	Tecle et al.	"Tecle,T.,Bottiger,B.,Orvell,C.,Johansson,B."	"Karolinska Institute, Department of Microbiology, Pathology and Infectious Diseases"	https://www.ncbi.nlm.nih.gov/nuccore/AF365899	Mumps orthorubulavirus		2560602	D	unclassified	D	FALSE
AF365903	AF365903.1	DK/96/02	DK/96/02	XXXX-XX-XX	Europe	Denmark			300			2002-01-26	2002-05-16	Tecle et al.	"Tecle,T.,Bottiger,B.,Orvell,C.,Johansson,B."	"Karolinska Institute, Department of Microbiology, Pathology and Infectious Diseases"	https://www.ncbi.nlm.nih.gov/nuccore/AF365903	Mumps orthorubulavirus		2560602	D	unclassified	D	FALSE
AF365904	AF365904.1	DK/97/03	DK/97/03	XXXX-XX-XX	Europe	Denmark			300			2002-01-26	2002-05-16	Tecle et al.	"Tecle,T.,Bottiger,B.,Orvell,C.,Johansson,B."	"Karolinska Institute, Department of Microbiology, Pathology and Infectious Diseases"	https://www.ncbi.nlm.nih.gov/nuccore/AF365904	Mumps orthorubulavirus		2560602	D	unclassified	D	FALSE
AF365905	AF365905.1	DK/98/03	DK/98/03	XXXX-XX-XX	Europe	Denmark			300			2002-01-26	2002-05-16	Tecle et al.	"Tecle,T.,Bottiger,B.,Orvell,C.,Johansson,B."	"Karolinska Institute, Department of Microbiology, Pathology and Infectious Diseases"	https://www.ncbi.nlm.nih.gov/nuccore/AF365905	Mumps orthorubulavirus		2560602	D	unclassified	D	FALSE
AF365906	AF365906.1	DK/97/02	DK/97/02	XXXX-XX-XX	Europe	Denmark			300			2002-01-26	2002-05-16	Tecle et al.	"Tecle,T.,Bottiger,B.,Orvell,C.,Johansson,B."	"Karolinska Institute, Department of Microbiology, Pathology and Infectious Diseases"	https://www.ncbi.nlm.nih.gov/nuccore/AF365906	Mumps orthorubulavirus		2560602	D	unclassified	D	FALSE
AF365907	AF365907.1	DK/97/01	DK/97/01	XXXX-XX-XX	Europe	Denmark			300			2002-01-26	2002-05-16	Tecle et al.	"Tecle,T.,Bottiger,B.,Orvell,C.,Johansson,B."	"Karolinska Institute, Department of Microbiology, Pathology and Infectious Diseases"	https://www.ncbi.nlm.nih.gov/nuccore/AF365907	Mumps orthorubulavirus		2560602	D	unclassified	D	FALSE
AF365908	AF365908.1	DK/96/03	DK/96/03	XXXX-XX-XX	Europe	Denmark			300			2002-01-26	2002-05-16	Tecle et al.	"Tecle,T.,Bottiger,B.,Orvell,C.,Johansson,B."	"Karolinska Institute, Department of Microbiology, Pathology and Infectious Diseases"	https://www.ncbi.nlm.nih.gov/nuccore/AF365908	Mumps orthorubulavirus		2560602	D	unclassified	D	FALSE
AF365909	AF365909.1	DK/96/04	DK/96/04	XXXX-XX-XX	Europe	Denmark			185			2002-01-26	2016-07-26	Tecle et al.	"Tecle,T.,Bottiger,B.,Orvell,C.,Johansson,B."	"Karolinska Institute, Department of Microbiology, Pathology and Infectious Diseases"	https://www.ncbi.nlm.nih.gov/nuccore/AF365909	Mumps orthorubulavirus		2560602		C	A	FALSE
AF365910	AF365910.1	DK/96/01	DK/96/01	XXXX-XX-XX	Europe	Denmark			300			2002-01-26	2002-05-16	Tecle et al.	"Tecle,T.,Bottiger,B.,Orvell,C.,Johansson,B."	"Karolinska Institute, Department of Microbiology, Pathology and Infectious Diseases"	https://www.ncbi.nlm.nih.gov/nuccore/AF365910	Mumps orthorubulavirus		2560602	D	unclassified	D	FALSE
AF365911	AF365911.1	DK/98/01	DK/98/01	XXXX-XX-XX	Europe	Denmark			300			2002-01-26	2002-05-16	Tecle et al.	"Tecle,T.,Bottiger,B.,Orvell,C.,Johansson,B."	"Karolinska Institute, Department of Microbiology, Pathology and Infectious Diseases"	https://www.ncbi.nlm.nih.gov/nuccore/AF365911	Mumps orthorubulavirus		2560602	D	unclassified	D	FALSE
AF365912	AF365912.1	DK/97/04	DK/97/04	XXXX-XX-XX	Europe	Denmark			300			2002-01-26	2002-05-16	Tecle et al.	"Tecle,T.,Bottiger,B.,Orvell,C.,Johansson,B."	"Karolinska Institute, Department of Microbiology, Pathology and Infectious Diseases"	https://www.ncbi.nlm.nih.gov/nuccore/AF365912	Mumps orthorubulavirus		2560602	D	unclassified	D	FALSE
AF365913	AF365913.1	DK/98/04	DK/98/04	XXXX-XX-XX	Europe	Denmark			300			2002-01-26	2002-05-16	Tecle et al.	"Tecle,T.,Bottiger,B.,Orvell,C.,Johansson,B."	"Karolinska Institute, Department of Microbiology, Pathology and Infectious Diseases"	https://www.ncbi.nlm.nih.gov/nuccore/AF365913	Mumps orthorubulavirus		2560602	D	unclassified	D	FALSE
AF365914	AF365914.1	DK/98/02	DK/98/02	XXXX-XX-XX	Europe	Denmark			300			2002-01-26	2002-05-16	Tecle et al.	"Tecle,T.,Bottiger,B.,Orvell,C.,Johansson,B."	"Karolinska Institute, Department of Microbiology, Pathology and Infectious Diseases"	https://www.ncbi.nlm.nih.gov/nuccore/AF365914	Mumps orthorubulavirus		2560602	D	unclassified	D	FALSE
AF365915	AF365915.1	DK/99/02	DK/99/02	XXXX-XX-XX	Europe	Denmark			300			2002-01-26	2002-05-16	Tecle et al.	"Tecle,T.,Bottiger,B.,Orvell,C.,Johansson,B."	"Karolinska Institute, Department of Microbiology, Pathology and Infectious Diseases"	https://www.ncbi.nlm.nih.gov/nuccore/AF365915	Mumps orthorubulavirus		2560602	D	unclassified	D	FALSE
AF365916	AF365916.1	DK/99/01	DK/99/01	XXXX-XX-XX	Europe	Denmark			300			2002-01-26	2002-05-16	Tecle et al.	"Tecle,T.,Bottiger,B.,Orvell,C.,Johansson,B."	"Karolinska Institute, Department of Microbiology, Pathology and Infectious Diseases"	https://www.ncbi.nlm.nih.gov/nuccore/AF365916	Mumps orthorubulavirus		2560602	D	unclassified	D	FALSE
AF365918	AF365918.1	DK/83/06	DK/83/06	XXXX-XX-XX	Europe	Denmark			292			2002-01-26	2002-05-16	Tecle et al.	"Tecle,T.,Bottiger,B.,Orvell,C.,Johansson,B."	"Karolinska Institute, Department of Microbiology, Pathology and Infectious Diseases"	https://www.ncbi.nlm.nih.gov/nuccore/AF365918	Mumps orthorubulavirus		2560602	K	unclassified	K	FALSE
AF365922	AF365922.1	DK/85/01	DK/85/01	XXXX-XX-XX	Europe	Denmark			300			2002-01-26	2002-05-16	Tecle et al.	"Tecle,T.,Bottiger,B.,Orvell,C.,Johansson,B."	"Karolinska Institute, Department of Microbiology, Pathology and Infectious Diseases"	https://www.ncbi.nlm.nih.gov/nuccore/AF365922	Mumps orthorubulavirus		2560602		K		FALSE
AF526409	AF526409.1	746573_SHG	746573_SHG	XXXX-XX-XX					264			2002-08-04	2004-03-25	Utz et al.	"Utz,S.,Richard,J.L.,Capaul,S.,Matter,H.C.,Hrisoho,M.G.,Muhlemann,K."	"University of Bern, Institute for Infectious Diseases"	https://www.ncbi.nlm.nih.gov/nuccore/AF526409	Mumps orthorubulavirus		2560602	H	unclassified	H	FALSE
AF526410	AF526410.1	776274_SHG	776274_SHG	XXXX-XX-XX					264			2002-08-04	2004-03-25	Utz et al.	"Utz,S.,Richard,J.L.,Capaul,S.,Matter,H.C.,Hrisoho,M.G.,Muhlemann,K."	"University of Bern, Institute for Infectious Diseases"	https://www.ncbi.nlm.nih.gov/nuccore/AF526410	Mumps orthorubulavirus		2560602	H	unclassified	H	FALSE
AF526418	AF526418.1	828505_SHG	828505_SHG	XXXX-XX-XX					264			2002-08-04	2004-03-25	Utz et al.	"Utz,S.,Richard,J.L.,Capaul,S.,Matter,H.C.,Hrisoho,M.G.,Muhlemann,K."	"University of Bern, Institute for Infectious Diseases"	https://www.ncbi.nlm.nih.gov/nuccore/AF526418	Mumps orthorubulavirus		2560602	G	unclassified	G	FALSE
AY039723	AY039723.1	Lit788	Lit788	XXXX-XX-XX	Europe	Lithuania			298			2001-08-09	2002-04-26	Tecle et al.	"Tecle,T.,Mickiene,A.,Johansson,B.,Lindquist,L.,Orvell,C."	"Huddinge University Hospital, IMPI, Karolinska Institutet, Department of Clinical Virology"	https://www.ncbi.nlm.nih.gov/nuccore/AY039723	Mumps orthorubulavirus		2560602	D	unclassified	D	FALSE
AY039732	AY039732.1	Lit984	Lit984	XXXX-XX-XX	Europe	Lithuania			300			2001-08-09	2002-04-26	Tecle et al.	"Tecle,T.,Mickiene,A.,Johansson,B.,Lindquist,L.,Orvell,C."	"Huddinge University Hospital, IMPI, Karolinska Institutet, Department of Clinical Virology"	https://www.ncbi.nlm.nih.gov/nuccore/AY039732	Mumps orthorubulavirus		2560602	D	unclassified	D	FALSE
AY376471	AY376471.1	ZgB/Cro69		XXXX-XX-XX					3983			2004-01-01	2004-01-30	Ivancic et al.	"Ivancic,J.,Forcic,D.,Gulija,T.K.,Zgorelec,R.,Repalust,L.,Baricevic,M.,Mesko-Prejac,M.,Mazuran,R.,Kosutic Gulija,T."	"Institute of Immunology, Research and Development"	https://www.ncbi.nlm.nih.gov/nuccore/AY376471	Mumps orthorubulavirus		2560602	unclassified	unclassified	B	FALSE
AY376473	AY376473.1	ZgB/Cro69		XXXX-XX-XX					1788			2004-01-01	2004-01-30	Ivancic et al.	"Ivancic,J.,Forcic,D.,Gulija,T.K.,Zgorelec,R.,Repalust,L.,Baricevic,M.,Mesko-Prejac,M.,Mazuran,R.,Kosutic Gulija,T."	"Institute of Immunology, Research and Development"	https://www.ncbi.nlm.nih.gov/nuccore/AY376473	Mumps orthorubulavirus		2560602		unclassified	G	FALSE
AY380075	AY380075.1	UK01-22		XXXX-XX-XX					598			2004-01-01	2016-07-26	Jin et al.	"Jin,L.,Brown,D.W.,Litton,P.A.,White,J.M."	"Health Protection Agency, Enteric, Respiratory and Neurological virus Laboratory"	https://www.ncbi.nlm.nih.gov/nuccore/AY380075	Mumps orthorubulavirus	G	2560602	G	unclassified	G	FALSE
AY735412	AY735412.1	506NE96		XXXX-XX-XX					200			2005-04-07	2005-04-07	Palacios et al.	"Palacios,G.,Jabado,O.,Cisterna,D.,de Ory,F.,Renwick,N.,Echevarria,J.E.,Castellanos,A.,Mosquera,M.,Freire,M.C.,Campos,R.H.,Lipkin,W.I.,Mosquera,M.M."	"Columbia University, Greene Laboratory for Infectious Diseases"	https://www.ncbi.nlm.nih.gov/nuccore/AY735412	Mumps orthorubulavirus		2560602	H	unclassified	H	FALSE
AY735413	AY735413.1	772NE96		XXXX-XX-XX					200			2005-04-07	2005-04-07	Palacios et al.	"Palacios,G.,Jabado,O.,Cisterna,D.,de Ory,F.,Renwick,N.,Echevarria,J.E.,Castellanos,A.,Mosquera,M.,Freire,M.C.,Campos,R.H.,Lipkin,W.I.,Mosquera,M.M."	"Columbia University, Greene Laboratory for Infectious Diseases"	https://www.ncbi.nlm.nih.gov/nuccore/AY735413	Mumps orthorubulavirus		2560602	H	unclassified	H	FALSE
AY735414	AY735414.1	393NE96		XXXX-XX-XX					200			2005-04-07	2005-04-07	Palacios et al.	"Palacios,G.,Jabado,O.,Cisterna,D.,de Ory,F.,Renwick,N.,Echevarria,J.E.,Castellanos,A.,Mosquera,M.,Freire,M.C.,Campos,R.H.,Lipkin,W.I.,Mosquera,M.M."	"Columbia University, Greene Laboratory for Infectious Diseases"	https://www.ncbi.nlm.nih.gov/nuccore/AY735414	Mumps orthorubulavirus		2560602	H	unclassified	H	FALSE
AY735415	AY735415.1	265NE96		XXXX-XX-XX					200			2005-04-07	2005-04-07	Palacios et al.	"Palacios,G.,Jabado,O.,Cisterna,D.,de Ory,F.,Renwick,N.,Echevarria,J.E.,Castellanos,A.,Mosquera,M.,Freire,M.C.,Campos,R.H.,Lipkin,W.I.,Mosquera,M.M."	"Columbia University, Greene Laboratory for Infectious Diseases"	https://www.ncbi.nlm.nih.gov/nuccore/AY735415	Mumps orthorubulavirus		2560602	H	unclassified	H	FALSE
AY735416	AY735416.1	353NE96		XXXX-XX-XX					200			2005-04-07	2005-04-07	Palacios et al.	"Palacios,G.,Jabado,O.,Cisterna,D.,de Ory,F.,Renwick,N.,Echevarria,J.E.,Castellanos,A.,Mosquera,M.,Freire,M.C.,Campos,R.H.,Lipkin,W.I.,Mosquera,M.M."	"Columbia University, Greene Laboratory for Infectious Diseases"	https://www.ncbi.nlm.nih.gov/nuccore/AY735416	Mumps orthorubulavirus		2560602	K	unclassified	K	FALSE
AY735417	AY735417.1	V090003		XXXX-XX-XX					200			2005-04-07	2005-04-07	Palacios et al.	"Palacios,G.,Jabado,O.,Cisterna,D.,de Ory,F.,Renwick,N.,Echevarria,J.E.,Castellanos,A.,Mosquera,M.,Freire,M.C.,Campos,R.H.,Lipkin,W.I.,Mosquera,M.M."	"Columbia University, Greene Laboratory for Infectious Diseases"	https://www.ncbi.nlm.nih.gov/nuccore/AY735417	Mumps orthorubulavirus		2560602	H	unclassified	H	FALSE
AY735418	AY735418.1	V0012		XXXX-XX-XX					200			2005-04-07	2005-04-07	Palacios et al.	"Palacios,G.,Jabado,O.,Cisterna,D.,de Ory,F.,Renwick,N.,Echevarria,J.E.,Castellanos,A.,Mosquera,M.,Freire,M.C.,Campos,R.H.,Lipkin,W.I.,Mosquera,M.M."	"Columbia University, Greene Laboratory for Infectious Diseases"	https://www.ncbi.nlm.nih.gov/nuccore/AY735418	Mumps orthorubulavirus		2560602	H	unclassified	H	FALSE
AY735419	AY735419.1	448-99		XXXX-XX-XX					200			2005-04-07	2005-04-07	Palacios et al.	"Palacios,G.,Jabado,O.,Cisterna,D.,de Ory,F.,Renwick,N.,Echevarria,J.E.,Castellanos,A.,Mosquera,M.,Freire,M.C.,Campos,R.H.,Lipkin,W.I.,Mosquera,M.M."	"Columbia University, Greene Laboratory for Infectious Diseases"	https://www.ncbi.nlm.nih.gov/nuccore/AY735419	Mumps orthorubulavirus		2560602		H		FALSE
AY735420	AY735420.1	M341		XXXX-XX-XX					200			2005-04-07	2005-04-07	Palacios et al.	"Palacios,G.,Jabado,O.,Cisterna,D.,de Ory,F.,Renwick,N.,Echevarria,J.E.,Castellanos,A.,Mosquera,M.,Freire,M.C.,Campos,R.H.,Lipkin,W.I.,Mosquera,M.M."	"Columbia University, Greene Laboratory for Infectious Diseases"	https://www.ncbi.nlm.nih.gov/nuccore/AY735420	Mumps orthorubulavirus		2560602	K	unclassified	K	FALSE
AY735421	AY735421.1	47-98		XXXX-XX-XX					200			2005-04-07	2005-04-07	Palacios et al.	"Palacios,G.,Jabado,O.,Cisterna,D.,de Ory,F.,Renwick,N.,Echevarria,J.E.,Castellanos,A.,Mosquera,M.,Freire,M.C.,Campos,R.H.,Lipkin,W.I.,Mosquera,M.M."	"Columbia University, Greene Laboratory for Infectious Diseases"	https://www.ncbi.nlm.nih.gov/nuccore/AY735421	Mumps orthorubulavirus		2560602	K	unclassified	K	FALSE
AY735422	AY735422.1	528SAL		XXXX-XX-XX					200			2005-04-07	2005-04-07	Palacios et al.	"Palacios,G.,Jabado,O.,Cisterna,D.,de Ory,F.,Renwick,N.,Echevarria,J.E.,Castellanos,A.,Mosquera,M.,Freire,M.C.,Campos,R.H.,Lipkin,W.I.,Mosquera,M.M."	"Columbia University, Greene Laboratory for Infectious Diseases"	https://www.ncbi.nlm.nih.gov/nuccore/AY735422	Mumps orthorubulavirus		2560602	K	unclassified	K	FALSE
AY735423	AY735423.1	527SER		XXXX-XX-XX					200			2005-04-07	2005-04-07	Palacios et al.	"Palacios,G.,Jabado,O.,Cisterna,D.,de Ory,F.,Renwick,N.,Echevarria,J.E.,Castellanos,A.,Mosquera,M.,Freire,M.C.,Campos,R.H.,Lipkin,W.I.,Mosquera,M.M."	"Columbia University, Greene Laboratory for Infectious Diseases"	https://www.ncbi.nlm.nih.gov/nuccore/AY735423	Mumps orthorubulavirus		2560602	K	unclassified	K	FALSE
AY735424	AY735424.1	SF58		XXXX-XX-XX					200			2005-04-07	2005-04-07	Palacios et al.	"Palacios,G.,Jabado,O.,Cisterna,D.,de Ory,F.,Renwick,N.,Echevarria,J.E.,Castellanos,A.,Mosquera,M.,Freire,M.C.,Campos,R.H.,Lipkin,W.I.,Mosquera,M.M."	"Columbia University, Greene Laboratory for Infectious Diseases"	https://www.ncbi.nlm.nih.gov/nuccore/AY735424	Mumps orthorubulavirus		2560602	K	unclassified	K	FALSE
AY735425	AY735425.1	LP42		XXXX-XX-XX					200			2005-04-07	2005-04-07	Palacios et al.	"Palacios,G.,Jabado,O.,Cisterna,D.,de Ory,F.,Renwick,N.,Echevarria,J.E.,Castellanos,A.,Mosquera,M.,Freire,M.C.,Campos,R.H.,Lipkin,W.I.,Mosquera,M.M."	"Columbia University, Greene Laboratory for Infectious Diseases"	https://www.ncbi.nlm.nih.gov/nuccore/AY735425	Mumps orthorubulavirus		2560602	K	unclassified	K	FALSE
AY735426	AY735426.1	M420		XXXX-XX-XX					200			2005-04-07	2005-04-07	Palacios et al.	"Palacios,G.,Jabado,O.,Cisterna,D.,de Ory,F.,Renwick,N.,Echevarria,J.E.,Castellanos,A.,Mosquera,M.,Freire,M.C.,Campos,R.H.,Lipkin,W.I.,Mosquera,M.M."	"Columbia University, Greene Laboratory for Infectious Diseases"	https://www.ncbi.nlm.nih.gov/nuccore/AY735426	Mumps orthorubulavirus		2560602	K	unclassified	K	FALSE
AY735427	AY735427.1	M380		XXXX-XX-XX					200			2005-04-07	2005-04-07	Palacios et al.	"Palacios,G.,Jabado,O.,Cisterna,D.,de Ory,F.,Renwick,N.,Echevarria,J.E.,Castellanos,A.,Mosquera,M.,Freire,M.C.,Campos,R.H.,Lipkin,W.I.,Mosquera,M.M."	"Columbia University, Greene Laboratory for Infectious Diseases"	https://www.ncbi.nlm.nih.gov/nuccore/AY735427	Mumps orthorubulavirus		2560602	K	unclassified	K	FALSE
AY735428	AY735428.1	M421		XXXX-XX-XX					200			2005-04-07	2005-04-07	Palacios et al.	"Palacios,G.,Jabado,O.,Cisterna,D.,de Ory,F.,Renwick,N.,Echevarria,J.E.,Castellanos,A.,Mosquera,M.,Freire,M.C.,Campos,R.H.,Lipkin,W.I.,Mosquera,M.M."	"Columbia University, Greene Laboratory for Infectious Diseases"	https://www.ncbi.nlm.nih.gov/nuccore/AY735428	Mumps orthorubulavirus		2560602	K	unclassified	K	FALSE
AY735430	AY735430.1	215-97		XXXX-XX-XX					200			2005-04-07	2005-04-07	Palacios et al.	"Palacios,G.,Jabado,O.,Cisterna,D.,de Ory,F.,Renwick,N.,Echevarria,J.E.,Castellanos,A.,Mosquera,M.,Freire,M.C.,Campos,R.H.,Lipkin,W.I.,Mosquera,M.M."	"Columbia University, Greene Laboratory for Infectious Diseases"	https://www.ncbi.nlm.nih.gov/nuccore/AY735430	Mumps orthorubulavirus		2560602	K	unclassified	K	FALSE
AY735431	AY735431.1	SF52		XXXX-XX-XX					200			2005-04-07	2005-04-07	Palacios et al.	"Palacios,G.,Jabado,O.,Cisterna,D.,de Ory,F.,Renwick,N.,Echevarria,J.E.,Castellanos,A.,Mosquera,M.,Freire,M.C.,Campos,R.H.,Lipkin,W.I.,Mosquera,M.M."	"Columbia University, Greene Laboratory for Infectious Diseases"	https://www.ncbi.nlm.nih.gov/nuccore/AY735431	Mumps orthorubulavirus		2560602	K	unclassified	K	FALSE
AY735432	AY735432.1	297-97		XXXX-XX-XX					200			2005-04-07	2005-04-07	Palacios et al.	"Palacios,G.,Jabado,O.,Cisterna,D.,de Ory,F.,Renwick,N.,Echevarria,J.E.,Castellanos,A.,Mosquera,M.,Freire,M.C.,Campos,R.H.,Lipkin,W.I.,Mosquera,M.M."	"Columbia University, Greene Laboratory for Infectious Diseases"	https://www.ncbi.nlm.nih.gov/nuccore/AY735432	Mumps orthorubulavirus		2560602	K	unclassified	K	FALSE
AY735433	AY735433.1	21-98		XXXX-XX-XX					200			2005-04-07	2005-04-07	Palacios et al.	"Palacios,G.,Jabado,O.,Cisterna,D.,de Ory,F.,Renwick,N.,Echevarria,J.E.,Castellanos,A.,Mosquera,M.,Freire,M.C.,Campos,R.H.,Lipkin,W.I.,Mosquera,M.M."	"Columbia University, Greene Laboratory for Infectious Diseases"	https://www.ncbi.nlm.nih.gov/nuccore/AY735433	Mumps orthorubulavirus		2560602	K	unclassified	K	FALSE
AY735434	AY735434.1	SF57		XXXX-XX-XX					200			2005-04-07	2005-04-07	Palacios et al.	"Palacios,G.,Jabado,O.,Cisterna,D.,de Ory,F.,Renwick,N.,Echevarria,J.E.,Castellanos,A.,Mosquera,M.,Freire,M.C.,Campos,R.H.,Lipkin,W.I.,Mosquera,M.M."	"Columbia University, Greene Laboratory for Infectious Diseases"	https://www.ncbi.nlm.nih.gov/nuccore/AY735434	Mumps orthorubulavirus		2560602	K	unclassified	K	FALSE
AY735435	AY735435.1	M4		XXXX-XX-XX					200			2005-04-07	2005-04-07	Palacios et al.	"Palacios,G.,Jabado,O.,Cisterna,D.,de Ory,F.,Renwick,N.,Echevarria,J.E.,Castellanos,A.,Mosquera,M.,Freire,M.C.,Campos,R.H.,Lipkin,W.I.,Mosquera,M.M."	"Columbia University, Greene Laboratory for Infectious Diseases"	https://www.ncbi.nlm.nih.gov/nuccore/AY735435	Mumps orthorubulavirus		2560602	K	unclassified	K	FALSE
AY735436	AY735436.1	M5		XXXX-XX-XX					200			2005-04-07	2005-04-07	Palacios et al.	"Palacios,G.,Jabado,O.,Cisterna,D.,de Ory,F.,Renwick,N.,Echevarria,J.E.,Castellanos,A.,Mosquera,M.,Freire,M.C.,Campos,R.H.,Lipkin,W.I.,Mosquera,M.M."	"Columbia University, Greene Laboratory for Infectious Diseases"	https://www.ncbi.nlm.nih.gov/nuccore/AY735436	Mumps orthorubulavirus		2560602	K	unclassified	K	FALSE
AY735437	AY735437.1	SF47		XXXX-XX-XX					200			2005-04-07	2005-04-07	Palacios et al.	"Palacios,G.,Jabado,O.,Cisterna,D.,de Ory,F.,Renwick,N.,Echevarria,J.E.,Castellanos,A.,Mosquera,M.,Freire,M.C.,Campos,R.H.,Lipkin,W.I.,Mosquera,M.M."	"Columbia University, Greene Laboratory for Infectious Diseases"	https://www.ncbi.nlm.nih.gov/nuccore/AY735437	Mumps orthorubulavirus		2560602	K	unclassified	K	FALSE
AY735439	AY735439.1	LP71		XXXX-XX-XX					200			2005-04-07	2005-04-07	Palacios et al.	"Palacios,G.,Jabado,O.,Cisterna,D.,de Ory,F.,Renwick,N.,Echevarria,J.E.,Castellanos,A.,Mosquera,M.,Freire,M.C.,Campos,R.H.,Lipkin,W.I.,Mosquera,M.M."	"Columbia University, Greene Laboratory for Infectious Diseases"	https://www.ncbi.nlm.nih.gov/nuccore/AY735439	Mumps orthorubulavirus		2560602	A	unclassified	A	FALSE
AY735440	AY735440.1	SF65		XXXX-XX-XX					200			2005-04-07	2005-04-07	Palacios et al.	"Palacios,G.,Jabado,O.,Cisterna,D.,de Ory,F.,Renwick,N.,Echevarria,J.E.,Castellanos,A.,Mosquera,M.,Freire,M.C.,Campos,R.H.,Lipkin,W.I.,Mosquera,M.M."	"Columbia University, Greene Laboratory for Infectious Diseases"	https://www.ncbi.nlm.nih.gov/nuccore/AY735440	Mumps orthorubulavirus		2560602	A		A	FALSE
AY735441	AY735441.1	570LCR		XXXX-XX-XX					200			2005-04-07	2005-04-07	Palacios et al.	"Palacios,G.,Jabado,O.,Cisterna,D.,de Ory,F.,Renwick,N.,Echevarria,J.E.,Castellanos,A.,Mosquera,M.,Freire,M.C.,Campos,R.H.,Lipkin,W.I.,Mosquera,M.M."	"Columbia University, Greene Laboratory for Infectious Diseases"	https://www.ncbi.nlm.nih.gov/nuccore/AY735441	Mumps orthorubulavirus		2560602	A	unclassified	A	FALSE
CQ964156	CQ964156.1	CQ964156		XXXX-XX-XX					393			2004-12-13	2004-12-13	Harford et al.	"Harford,N.M.,Colau,B.G.,Didelez,J.G."		https://www.ncbi.nlm.nih.gov/nuccore/CQ964156	Mumps orthorubulavirus		2560602	A	unclassified	A	FALSE
DQ268536	DQ268536.1	KM		XXXX-XX-XX	Asia	China	Kunming		438			2005-11-19	2005-11-19	Ma et al.	"Ma,S.,Li,Q.,Liu,L.,Wang,J.,Wang,L.,Dong,C.,Liang,Y."	"Institute of Medical Biology, Viral Immunology"	https://www.ncbi.nlm.nih.gov/nuccore/DQ268536	Mumps orthorubulavirus		2560602	A	unclassified	A	FALSE
FJ919364	FJ919364.1	985O		2000-05-26	Europe	Spain	Almeria		156	Homo sapiens		2010-03-31	2014-05-02	Echevarria et al.	"Echevarria,J.E.,Castellanos,A.,Sanz,J.C.,Perez,C.,Palacios,G.,Martinez de Aragon,M.V.,Pena Rey,I.,Mosquera,M.,de Ory,F.,Royuela,E."	"Instituto de Salud Carlos III (ISCIII) and Centro de Investigaciones Biomedicas en Red en Epidemiologia y Salud Publica (CIBERESP), Centro Nacional de Microbiologia, Unidad de Aislamiento y Deteccion Viral"	https://www.ncbi.nlm.nih.gov/nuccore/FJ919364	Mumps virus genotype D1	D1	1496285		D		FALSE
FJ919365	FJ919365.1	9820		2001-04-16	Europe	Spain	Madrid		156	Homo sapiens		2010-03-31	2014-05-02	Echevarria et al.	"Echevarria,J.E.,Castellanos,A.,Sanz,J.C.,Perez,C.,Palacios,G.,Martinez de Aragon,M.V.,Pena Rey,I.,Mosquera,M.,de Ory,F.,Royuela,E."	"Instituto de Salud Carlos III (ISCIII) and Centro de Investigaciones Biomedicas en Red en Epidemiologia y Salud Publica (CIBERESP), Centro Nacional de Microbiologia, Unidad de Aislamiento y Deteccion Viral"	https://www.ncbi.nlm.nih.gov/nuccore/FJ919365	Mumps virus genotype D1	D1	1496285		D		FALSE
FJ919366	FJ919366.1	1818O		2007-05-30	Europe	Spain	Ceuta		156	Homo sapiens		2010-03-31	2014-05-02	Echevarria et al.	"Echevarria,J.E.,Castellanos,A.,Sanz,J.C.,Perez,C.,Palacios,G.,Martinez de Aragon,M.V.,Pena Rey,I.,Mosquera,M.,de Ory,F.,Royuela,E."	"Instituto de Salud Carlos III (ISCIII) and Centro de Investigaciones Biomedicas en Red en Epidemiologia y Salud Publica (CIBERESP), Centro Nacional de Microbiologia, Unidad de Aislamiento y Deteccion Viral"	https://www.ncbi.nlm.nih.gov/nuccore/FJ919366	Mumps virus genotype D1	D1	1496285		D		FALSE
FJ919367	FJ919367.1	1913O		2007-06-04	Europe	Spain	Ceuta		156	Homo sapiens		2010-03-31	2014-05-02	Echevarria et al.	"Echevarria,J.E.,Castellanos,A.,Sanz,J.C.,Perez,C.,Palacios,G.,Martinez de Aragon,M.V.,Pena Rey,I.,Mosquera,M.,de Ory,F.,Royuela,E."	"Instituto de Salud Carlos III (ISCIII) and Centro de Investigaciones Biomedicas en Red en Epidemiologia y Salud Publica (CIBERESP), Centro Nacional de Microbiologia, Unidad de Aislamiento y Deteccion Viral"	https://www.ncbi.nlm.nih.gov/nuccore/FJ919367	Mumps virus genotype D1	D1	1496285		D		FALSE
GQ501076	GQ501076.1	GX0913	GX0913	2009-03-15	Asia	China			1714			2009-09-28	2011-09-23	Shi et al.	"Shi,H.,Liu,L.,Ma,S.,Chen,J.,Che,Y.,Wang,J.,Li,Q."	"Institute of Medical Biology, Chinese Academy of Medical Sciences, Viral Immunology"	https://www.ncbi.nlm.nih.gov/nuccore/GQ501076	Mumps orthorubulavirus		2560602		unclassified	F	FALSE
GQ501077	GQ501077.1	PZH0804	PZH0804	2008-04-05	Asia	China			1719			2009-09-28	2011-09-23	Shi et al.	"Shi,H.,Liu,L.,Ma,S.,Chen,J.,Che,Y.,Wang,J.,Li,Q."	"Institute of Medical Biology, Chinese Academy of Medical Sciences, Viral Immunology"	https://www.ncbi.nlm.nih.gov/nuccore/GQ501077	Mumps orthorubulavirus		2560602		unclassified	F	FALSE
GQ501081	GQ501081.1	GX0905	GX0905	2009-03-09	Asia	China			2073			2009-09-28	2011-09-23	Shi et al.	"Shi,H.,Liu,L.,Ma,S.,Chen,J.,Che,Y.,Wang,J.,Li,Q."	"Institute of Medical Biology, Chinese Academy of Medical Sciences, Viral Immunology"	https://www.ncbi.nlm.nih.gov/nuccore/GQ501081	Mumps orthorubulavirus		2560602		unclassified	F	FALSE
GQ501083	GQ501083.1	GX0913	GX0913	2009-03-01	Asia	China			2083			2009-09-28	2011-09-23	Shi et al.	"Shi,H.,Liu,L.,Ma,S.,Chen,J.,Che,Y.,Wang,J.,Li,Q."	"Institute of Medical Biology, Chinese Academy of Medical Sciences, Viral Immunology"	https://www.ncbi.nlm.nih.gov/nuccore/GQ501083	Mumps orthorubulavirus		2560602		unclassified	F	FALSE
GQ501087	GQ501087.1	ZT0712	ZT0712	2007-12-10	Asia	China			2145			2009-09-28	2011-09-23	Shi et al.	"Shi,H.,Liu,L.,Ma,S.,Chen,J.,Che,Y.,Wang,J.,Li,Q."	"Institute of Medical Biology, Chinese Academy of Medical Sciences, Viral Immunology"	https://www.ncbi.nlm.nih.gov/nuccore/GQ501087	Mumps orthorubulavirus		2560602	A	unclassified	F	FALSE
HQ171942	HQ171942.1	GX0907	GX0907	2009-XX-XX	Asia	China			367	Homo sapiens		2011-01-10	2011-09-23	Shi et al.	"Shi,H.,Liu,L.,Ma,S.,Chen,J.,Che,Y.,Wang,J.,Li,Q."	"Institute of Medical Biology, Viral Immunology"	https://www.ncbi.nlm.nih.gov/nuccore/HQ171942	Mumps orthorubulavirus		2560602	F	unclassified	F	FALSE
HQ171943	HQ171943.1	GX0910	GX0910	2009-XX-XX	Asia	China			369	Homo sapiens		2011-01-10	2011-09-23	Shi et al.	"Shi,H.,Liu,L.,Ma,S.,Chen,J.,Che,Y.,Wang,J.,Li,Q."	"Institute of Medical Biology, Viral Immunology"	https://www.ncbi.nlm.nih.gov/nuccore/HQ171943	Mumps orthorubulavirus		2560602	F	unclassified	F	FALSE
HQ171944	HQ171944.1	GX0913	GX0913	2009-XX-XX	Asia	China			367	Homo sapiens		2011-01-10	2011-09-23	Shi et al.	"Shi,H.,Liu,L.,Ma,S.,Chen,J.,Che,Y.,Wang,J.,Li,Q."	"Institute of Medical Biology, Viral Immunology"	https://www.ncbi.nlm.nih.gov/nuccore/HQ171944	Mumps orthorubulavirus		2560602	F	unclassified	F	FALSE
HQ171945	HQ171945.1	GX0914	GX0914	2009-XX-XX	Asia	China			368	Homo sapiens		2011-01-10	2011-09-23	Shi et al.	"Shi,H.,Liu,L.,Ma,S.,Chen,J.,Che,Y.,Wang,J.,Li,Q."	"Institute of Medical Biology, Viral Immunology"	https://www.ncbi.nlm.nih.gov/nuccore/HQ171945	Mumps orthorubulavirus		2560602	F	unclassified	F	FALSE
HQ171948	HQ171948.1	PZH0801	PZH0801	2008-XX-XX	Asia	China			384	Homo sapiens		2011-01-10	2011-09-23	Shi et al.	"Shi,H.,Liu,L.,Ma,S.,Chen,J.,Che,Y.,Wang,J.,Li,Q."	"Institute of Medical Biology, Viral Immunology"	https://www.ncbi.nlm.nih.gov/nuccore/HQ171948	Mumps orthorubulavirus		2560602	F	unclassified	F	FALSE
HQ171949	HQ171949.1	PZH0802	PZH0802	2008-XX-XX	Asia	China			385	Homo sapiens		2011-01-10	2011-09-23	Shi et al.	"Shi,H.,Liu,L.,Ma,S.,Chen,J.,Che,Y.,Wang,J.,Li,Q."	"Institute of Medical Biology, Viral Immunology"	https://www.ncbi.nlm.nih.gov/nuccore/HQ171949	Mumps orthorubulavirus		2560602	F	unclassified	F	FALSE
HQ171951	HQ171951.1	PZH0907	PZH0907	2009-XX-XX	Asia	China			383	Homo sapiens		2011-01-10	2011-09-23	Shi et al.	"Shi,H.,Liu,L.,Ma,S.,Chen,J.,Che,Y.,Wang,J.,Li,Q."	"Institute of Medical Biology, Viral Immunology"	https://www.ncbi.nlm.nih.gov/nuccore/HQ171951	Mumps orthorubulavirus		2560602	F	unclassified	F	FALSE
HQ171952	HQ171952.1	PZH0908	PZH0908	2009-XX-XX	Asia	China			387	Homo sapiens		2011-01-10	2011-09-23	Shi et al.	"Shi,H.,Liu,L.,Ma,S.,Chen,J.,Che,Y.,Wang,J.,Li,Q."	"Institute of Medical Biology, Viral Immunology"	https://www.ncbi.nlm.nih.gov/nuccore/HQ171952	Mumps orthorubulavirus		2560602	F	unclassified	F	FALSE
HQ171953	HQ171953.1	PZH0911	PZH0911	2009-XX-XX	Asia	China			355	Homo sapiens		2011-01-10	2011-09-23	Shi et al.	"Shi,H.,Liu,L.,Ma,S.,Chen,J.,Che,Y.,Wang,J.,Li,Q."	"Institute of Medical Biology, Viral Immunology"	https://www.ncbi.nlm.nih.gov/nuccore/HQ171953	Mumps orthorubulavirus		2560602		F		FALSE
HQ171954	HQ171954.1	YX0707	YX0707	2007-XX-XX	Asia	China			377	Homo sapiens		2011-01-10	2011-09-23	Shi et al.	"Shi,H.,Liu,L.,Ma,S.,Chen,J.,Che,Y.,Wang,J.,Li,Q."	"Institute of Medical Biology, Viral Immunology"	https://www.ncbi.nlm.nih.gov/nuccore/HQ171954	Mumps orthorubulavirus		2560602	F	unclassified	F	FALSE
HQ171955	HQ171955.1	YX0711	YX0711	2007-XX-XX	Asia	China			365	Homo sapiens		2011-01-10	2011-09-23	Shi et al.	"Shi,H.,Liu,L.,Ma,S.,Chen,J.,Che,Y.,Wang,J.,Li,Q."	"Institute of Medical Biology, Viral Immunology"	https://www.ncbi.nlm.nih.gov/nuccore/HQ171955	Mumps orthorubulavirus		2560602	F	unclassified	F	FALSE
HQ171956	HQ171956.1	YX0715	YX0715	2007-XX-XX	Asia	China			379	Homo sapiens		2011-01-10	2011-09-23	Shi et al.	"Shi,H.,Liu,L.,Ma,S.,Chen,J.,Che,Y.,Wang,J.,Li,Q."	"Institute of Medical Biology, Viral Immunology"	https://www.ncbi.nlm.nih.gov/nuccore/HQ171956	Mumps orthorubulavirus		2560602	F	unclassified	F	FALSE
HQ171957	HQ171957.1	YX0725	YX0725	2007-XX-XX	Asia	China			371	Homo sapiens		2011-01-10	2011-09-23	Shi et al.	"Shi,H.,Liu,L.,Ma,S.,Chen,J.,Che,Y.,Wang,J.,Li,Q."	"Institute of Medical Biology, Viral Immunology"	https://www.ncbi.nlm.nih.gov/nuccore/HQ171957	Mumps orthorubulavirus		2560602	F	unclassified	F	FALSE
HQ171958	HQ171958.1	YX0801	YX0801	2008-XX-XX	Asia	China			391	Homo sapiens		2011-01-10	2011-09-23	Shi et al.	"Shi,H.,Liu,L.,Ma,S.,Chen,J.,Che,Y.,Wang,J.,Li,Q."	"Institute of Medical Biology, Viral Immunology"	https://www.ncbi.nlm.nih.gov/nuccore/HQ171958	Mumps orthorubulavirus		2560602	F	unclassified	F	FALSE
HQ171959	HQ171959.1	YX0805	YX0805	2008-XX-XX	Asia	China			383	Homo sapiens		2011-01-10	2011-09-23	Shi et al.	"Shi,H.,Liu,L.,Ma,S.,Chen,J.,Che,Y.,Wang,J.,Li,Q."	"Institute of Medical Biology, Viral Immunology"	https://www.ncbi.nlm.nih.gov/nuccore/HQ171959	Mumps orthorubulavirus		2560602	F	unclassified	F	FALSE
HQ171961	HQ171961.1	YX0807	YX0807	2008-XX-XX	Asia	China			384	Homo sapiens		2011-01-10	2011-09-23	Shi et al.	"Shi,H.,Liu,L.,Ma,S.,Chen,J.,Che,Y.,Wang,J.,Li,Q."	"Institute of Medical Biology, Viral Immunology"	https://www.ncbi.nlm.nih.gov/nuccore/HQ171961	Mumps orthorubulavirus		2560602	F	unclassified	F	FALSE
HQ171962	HQ171962.1	YX0808	YX0808	2008-XX-XX	Asia	China			385	Homo sapiens		2011-01-10	2011-09-23	Shi et al.	"Shi,H.,Liu,L.,Ma,S.,Chen,J.,Che,Y.,Wang,J.,Li,Q."	"Institute of Medical Biology, Viral Immunology"	https://www.ncbi.nlm.nih.gov/nuccore/HQ171962	Mumps orthorubulavirus		2560602	F	unclassified	F	FALSE
HQ171964	HQ171964.1	YX0813	YX0813	2008-XX-XX	Asia	China			361	Homo sapiens		2011-01-10	2011-09-23	Shi et al.	"Shi,H.,Liu,L.,Ma,S.,Chen,J.,Che,Y.,Wang,J.,Li,Q."	"Institute of Medical Biology, Viral Immunology"	https://www.ncbi.nlm.nih.gov/nuccore/HQ171964	Mumps orthorubulavirus		2560602	F	unclassified	F	FALSE
HQ171965	HQ171965.1	YX0824	YX0824	2008-XX-XX	Asia	China			387	Homo sapiens		2011-01-10	2011-09-23	Shi et al.	"Shi,H.,Liu,L.,Ma,S.,Chen,J.,Che,Y.,Wang,J.,Li,Q."	"Institute of Medical Biology, Viral Immunology"	https://www.ncbi.nlm.nih.gov/nuccore/HQ171965	Mumps orthorubulavirus		2560602	F	unclassified	F	FALSE
HQ171966	HQ171966.1	YX0825	YX0825	2008-XX-XX	Asia	China			383	Homo sapiens		2011-01-10	2011-09-23	Shi et al.	"Shi,H.,Liu,L.,Ma,S.,Chen,J.,Che,Y.,Wang,J.,Li,Q."	"Institute of Medical Biology, Viral Immunology"	https://www.ncbi.nlm.nih.gov/nuccore/HQ171966	Mumps orthorubulavirus		2560602	F	unclassified	F	FALSE
HQ171967	HQ171967.1	YX0830	YX0830	2008-XX-XX	Asia	China			384	Homo sapiens		2011-01-10	2011-09-23	Shi et al.	"Shi,H.,Liu,L.,Ma,S.,Chen,J.,Che,Y.,Wang,J.,Li,Q."	"Institute of Medical Biology, Viral Immunology"	https://www.ncbi.nlm.nih.gov/nuccore/HQ171967	Mumps orthorubulavirus		2560602	F	unclassified	F	FALSE
HQ199876	HQ199876.1	cx-15-07		2007-02-XX	Asia	China	Chuxiong	Yunnan	383	Homo sapiens		2011-03-12	2011-03-12	Ma et al.	"Ma,S.,Chen,J.,Shi,H.,Liu,L.,Li,Q."	"Institute of Medical Biology, Chinese Academy of Medical Sciences and Peking Union Medical College, Molecular Epidemiology"	https://www.ncbi.nlm.nih.gov/nuccore/HQ199876	Mumps orthorubulavirus		2560602	F	unclassified	F	FALSE
HQ199877	HQ199877.1	cx-5-07		2007-02-XX	Asia	China	Chuxiong	Yunnan	384	Homo sapiens		2011-03-12	2011-03-12	Ma et al.	"Ma,S.,Chen,J.,Shi,H.,Liu,L.,Li,Q."	"Institute of Medical Biology, Chinese Academy of Medical Sciences and Peking Union Medical College, Molecular Epidemiology"	https://www.ncbi.nlm.nih.gov/nuccore/HQ199877	Mumps orthorubulavirus		2560602	F	unclassified	F	FALSE
HQ199879	HQ199879.1	zt-12-08		2008-05-XX	Asia	China	Zhaotong	Yunnan	384	Homo sapiens		2011-03-12	2011-03-12	Ma et al.	"Ma,S.,Chen,J.,Shi,H.,Liu,L.,Li,Q."	"Institute of Medical Biology, Chinese Academy of Medical Sciences and Peking Union Medical College, Molecular Epidemiology"	https://www.ncbi.nlm.nih.gov/nuccore/HQ199879	Mumps orthorubulavirus		2560602	F	unclassified	F	FALSE
HQ199880	HQ199880.1	zt-25-08		2008-05-XX	Asia	China	Zhaotong	Yunnan	387	Homo sapiens		2011-03-12	2011-03-12	Ma et al.	"Ma,S.,Chen,J.,Shi,H.,Liu,L.,Li,Q."	"Institute of Medical Biology, Chinese Academy of Medical Sciences and Peking Union Medical College, Molecular Epidemiology"	https://www.ncbi.nlm.nih.gov/nuccore/HQ199880	Mumps orthorubulavirus		2560602	F	unclassified	F	FALSE
HQ199882	HQ199882.1	qj-10-08		2008-01-XX	Asia	China	Lincang	Yunnan	383	Homo sapiens		2011-03-12	2011-03-12	Ma et al.	"Ma,S.,Chen,J.,Shi,H.,Liu,L.,Li,Q."	"Institute of Medical Biology, Chinese Academy of Medical Sciences and Peking Union Medical College, Molecular Epidemiology"	https://www.ncbi.nlm.nih.gov/nuccore/HQ199882	Mumps orthorubulavirus		2560602	F	unclassified	F	FALSE
HQ199883	HQ199883.1	qj-6-08		2008-01-XX	Asia	China	Qujing	Yunnan	391	Homo sapiens		2011-03-12	2011-03-12	Ma et al.	"Ma,S.,Chen,J.,Shi,H.,Liu,L.,Li,Q."	"Institute of Medical Biology, Chinese Academy of Medical Sciences and Peking Union Medical College, Molecular Epidemiology"	https://www.ncbi.nlm.nih.gov/nuccore/HQ199883	Mumps orthorubulavirus		2560602	F	unclassified	F	FALSE
JN791411	JN791411.1	320	320	2011-09-XX	Europe	Spain	Madrid		1749	Homo sapiens		2014-10-01	2014-10-01	Royuela et al.	"Royuela,E.,Castellanos,A.,Echevarria,J.E."	"Centro de Investigaciones Biomedicas en Red en Epidemiologia y Salud Publica (CIBERESP) and ISCIII, Centro Nacional de Microbiologia. Unidad de Aislamiento y Deteccion Viral"	https://www.ncbi.nlm.nih.gov/nuccore/JN791411	Mumps orthorubulavirus		2560602		unclassified	K	FALSE
JQ034506	JQ034506.1	ENDERS-81-1		1981-XX-XX	Europe	United Kingdom			459			2012-11-30	2013-05-09	Cui et al.	"Cui,A.,Brown,D.W.,Xu,W.,Jin,L."	"National Institute of Viral Disease Control and Prevention, Chinese Centre for Disease Control and Prevention, National Measles and Rubella Laboratory"	https://www.ncbi.nlm.nih.gov/nuccore/JQ034506	Mumps orthorubulavirus		2560602		unclassified	A	FALSE
JQ946042	JQ946042.1	MuVi/Taylor.GBR/0.50s	Tay/UK50s	1950-XX-XX	Europe	United Kingdom	Taylor		1749	Homo sapiens		2012-05-14	2012-06-01	Jin et al.	"Jin,L.,Roberts,M."	"HPA Microbiology Services Colindale, Virus Reference Department"	https://www.ncbi.nlm.nih.gov/nuccore/JQ946042	Mumps orthorubulavirus		2560602		unclassified	B	FALSE
KF876754	KF876754.1	MuVs/DNK64.DNK/0.64		1964-XX-XX	Europe	Denmark			316	Homo sapiens		2014-12-11	2014-12-11	Jin et al.	"Jin,L.,Orvell,C.,Myers,R.,Rota,P.A.,Nakayama,T.,Forcic,D.,Hiebert,J.,Brown,K.E.,Suehong,Y."	"Reference Microbiology Services, Public Health England, Virus Reference Department"	https://www.ncbi.nlm.nih.gov/nuccore/KF876754	Mumps orthorubulavirus		2560602	unclassified	unclassified	B	FALSE
KR633038	KR633038.1	MuVi/Mexico_City.MEX/00.08[A]		2008-XX-XX	North America	Mexico	Mexico_City		316	Homo sapiens		2015-06-17	2016-05-05	Del Valle et al.	"Del Valle,A.,Garcia,A.A.,Barron,B.L.,del Valle,A."	"Escuela Nacional de Ciencias Biologicas - IPN, Microbiology"	https://www.ncbi.nlm.nih.gov/nuccore/KR633038	Mumps virus genotype A	A	1395181	A	unclassified	A	FALSE
KX136901	KX136901.1	MuVi/NLD/0.57[L]		1957-XX-XX	Europe	Netherlands			316	Homo sapiens		2016-11-01	2016-11-01	Gouma et al.	"Gouma,S.,Vermeire,T.,Van Gucht,S.,Martens,L.,Hutse,V.,Cremer,J.,Rota,P.,Leroux-Roels,G.,Koopmans,M.,van Binnendijk,R.,Vandermarliere,E."	"National Institute for Public Health and the Environment (RIVM), Centre for Infectious Disease Research, Diagnostics and Screening (IDS)"	https://www.ncbi.nlm.nih.gov/nuccore/KX136901	Mumps virus genotype L	L	1866277	unclassified	unclassified	C	FALSE
KX136902	KX136902.1	MuVi/NLD/0.60/1[L]		1960-XX-XX	Europe	Netherlands			316	Homo sapiens		2016-11-01	2016-11-01	Gouma et al.	"Gouma,S.,Vermeire,T.,Van Gucht,S.,Martens,L.,Hutse,V.,Cremer,J.,Rota,P.,Leroux-Roels,G.,Koopmans,M.,van Binnendijk,R.,Vandermarliere,E."	"National Institute for Public Health and the Environment (RIVM), Centre for Infectious Disease Research, Diagnostics and Screening (IDS)"	https://www.ncbi.nlm.nih.gov/nuccore/KX136902	Mumps virus genotype L	L	1866277	unclassified	unclassified	C	FALSE
KX136903	KX136903.1	MuVi/NLD/0.60/2[L]		1960-XX-XX	Europe	Netherlands			316	Homo sapiens		2016-11-01	2016-11-01	Gouma et al.	"Gouma,S.,Vermeire,T.,Van Gucht,S.,Martens,L.,Hutse,V.,Cremer,J.,Rota,P.,Leroux-Roels,G.,Koopmans,M.,van Binnendijk,R.,Vandermarliere,E."	"National Institute for Public Health and the Environment (RIVM), Centre for Infectious Disease Research, Diagnostics and Screening (IDS)"	https://www.ncbi.nlm.nih.gov/nuccore/KX136903	Mumps virus genotype L	L	1866277	unclassified	unclassified	C	FALSE
KX136905	KX136905.1	MuVi/NLD/0.62/1		1962-XX-XX	Europe	Netherlands			316	Homo sapiens		2016-11-01	2016-11-01	Gouma et al.	"Gouma,S.,Vermeire,T.,Van Gucht,S.,Martens,L.,Hutse,V.,Cremer,J.,Rota,P.,Leroux-Roels,G.,Koopmans,M.,van Binnendijk,R.,Vandermarliere,E."	"National Institute for Public Health and the Environment (RIVM), Centre for Infectious Disease Research, Diagnostics and Screening (IDS)"	https://www.ncbi.nlm.nih.gov/nuccore/KX136905	Mumps orthorubulavirus		2560602	unclassified	unclassified	B	FALSE
KX136906	KX136906.1	MuVi/NLD/0.62/2		1962-XX-XX	Europe	Netherlands			316	Homo sapiens		2016-11-01	2016-11-01	Gouma et al.	"Gouma,S.,Vermeire,T.,Van Gucht,S.,Martens,L.,Hutse,V.,Cremer,J.,Rota,P.,Leroux-Roels,G.,Koopmans,M.,van Binnendijk,R.,Vandermarliere,E."	"National Institute for Public Health and the Environment (RIVM), Centre for Infectious Disease Research, Diagnostics and Screening (IDS)"	https://www.ncbi.nlm.nih.gov/nuccore/KX136906	Mumps orthorubulavirus		2560602	unclassified	unclassified	B	FALSE
KX136908	KX136908.1	MuVi/NLD/0.64/1[L]		1964-XX-XX	Europe	Netherlands			316	Homo sapiens		2016-11-01	2016-11-01	Gouma et al.	"Gouma,S.,Vermeire,T.,Van Gucht,S.,Martens,L.,Hutse,V.,Cremer,J.,Rota,P.,Leroux-Roels,G.,Koopmans,M.,van Binnendijk,R.,Vandermarliere,E."	"National Institute for Public Health and the Environment (RIVM), Centre for Infectious Disease Research, Diagnostics and Screening (IDS)"	https://www.ncbi.nlm.nih.gov/nuccore/KX136908	Mumps virus genotype L	L	1866277	unclassified	unclassified	C	FALSE
KX136909	KX136909.1	MuVi/NLD/0.64/2		1964-XX-XX	Europe	Netherlands			316	Homo sapiens		2016-11-01	2016-11-01	Gouma et al.	"Gouma,S.,Vermeire,T.,Van Gucht,S.,Martens,L.,Hutse,V.,Cremer,J.,Rota,P.,Leroux-Roels,G.,Koopmans,M.,van Binnendijk,R.,Vandermarliere,E."	"National Institute for Public Health and the Environment (RIVM), Centre for Infectious Disease Research, Diagnostics and Screening (IDS)"	https://www.ncbi.nlm.nih.gov/nuccore/KX136909	Mumps orthorubulavirus		2560602	unclassified	unclassified	B	FALSE
KX136930	KX136930.1	MuVi/NLD/0.63/2		1963-XX-XX	Europe	Netherlands			316	Homo sapiens		2016-11-01	2016-11-01	Gouma et al.	"Gouma,S.,Vermeire,T.,Van Gucht,S.,Martens,L.,Hutse,V.,Cremer,J.,Rota,P.,Leroux-Roels,G.,Koopmans,M.,van Binnendijk,R.,Vandermarliere,E."	"National Institute for Public Health and the Environment (RIVM), Centre for Infectious Disease Research, Diagnostics and Screening (IDS)"	https://www.ncbi.nlm.nih.gov/nuccore/KX136930	Mumps orthorubulavirus		2560602	unclassified	unclassified	B	FALSE
KX136951	KX136951.1	MuVi/NLD/0.62/1		1962-XX-XX	Europe	Netherlands			1617	Homo sapiens		2016-11-01	2016-11-01	Gouma et al.	"Gouma,S.,Vermeire,T.,Van Gucht,S.,Martens,L.,Hutse,V.,Cremer,J.,Rota,P.,Leroux-Roels,G.,Koopmans,M.,van Binnendijk,R.,Vandermarliere,E."	"National Institute for Public Health and the Environment (RIVM), Centre for Infectious Disease Research, Diagnostics and Screening (IDS)"	https://www.ncbi.nlm.nih.gov/nuccore/KX136951	Mumps orthorubulavirus		2560602		unclassified	B	FALSE
KX136952	KX136952.1	MuVi/NLD/0.62/2		1962-XX-XX	Europe	Netherlands			1617	Homo sapiens		2016-11-01	2016-11-01	Gouma et al.	"Gouma,S.,Vermeire,T.,Van Gucht,S.,Martens,L.,Hutse,V.,Cremer,J.,Rota,P.,Leroux-Roels,G.,Koopmans,M.,van Binnendijk,R.,Vandermarliere,E."	"National Institute for Public Health and the Environment (RIVM), Centre for Infectious Disease Research, Diagnostics and Screening (IDS)"	https://www.ncbi.nlm.nih.gov/nuccore/KX136952	Mumps orthorubulavirus		2560602		unclassified	B	FALSE
KX136955	KX136955.1	MuVi/NLD/0.64/2		1964-XX-XX	Europe	Netherlands			1617	Homo sapiens		2016-11-01	2016-11-01	Gouma et al.	"Gouma,S.,Vermeire,T.,Van Gucht,S.,Martens,L.,Hutse,V.,Cremer,J.,Rota,P.,Leroux-Roels,G.,Koopmans,M.,van Binnendijk,R.,Vandermarliere,E."	"National Institute for Public Health and the Environment (RIVM), Centre for Infectious Disease Research, Diagnostics and Screening (IDS)"	https://www.ncbi.nlm.nih.gov/nuccore/KX136955	Mumps orthorubulavirus		2560602		unclassified	B	FALSE
KX136976	KX136976.1	MuVi/NLD/0.63/2		1963-XX-XX	Europe	Netherlands			1617	Homo sapiens		2016-11-01	2016-11-01	Gouma et al.	"Gouma,S.,Vermeire,T.,Van Gucht,S.,Martens,L.,Hutse,V.,Cremer,J.,Rota,P.,Leroux-Roels,G.,Koopmans,M.,van Binnendijk,R.,Vandermarliere,E."	"National Institute for Public Health and the Environment (RIVM), Centre for Infectious Disease Research, Diagnostics and Screening (IDS)"	https://www.ncbi.nlm.nih.gov/nuccore/KX136976	Mumps orthorubulavirus		2560602		unclassified	B	FALSE
KX136994	KX136994.1	MuVi/NLD/0.57[L]		1957-XX-XX	Europe	Netherlands			1749	Homo sapiens		2016-11-01	2016-11-01	Gouma et al.	"Gouma,S.,Vermeire,T.,Van Gucht,S.,Martens,L.,Hutse,V.,Cremer,J.,Rota,P.,Leroux-Roels,G.,Koopmans,M.,van Binnendijk,R.,Vandermarliere,E."	"National Institute for Public Health and the Environment (RIVM), Centre for Infectious Disease Research, Diagnostics and Screening (IDS)"	https://www.ncbi.nlm.nih.gov/nuccore/KX136994	Mumps virus genotype L	L	1866277		unclassified	B	FALSE
KX136995	KX136995.1	MuVi/NLD/0.60/1[L]		1960-XX-XX	Europe	Netherlands			1749	Homo sapiens		2016-11-01	2016-11-01	Gouma et al.	"Gouma,S.,Vermeire,T.,Van Gucht,S.,Martens,L.,Hutse,V.,Cremer,J.,Rota,P.,Leroux-Roels,G.,Koopmans,M.,van Binnendijk,R.,Vandermarliere,E."	"National Institute for Public Health and the Environment (RIVM), Centre for Infectious Disease Research, Diagnostics and Screening (IDS)"	https://www.ncbi.nlm.nih.gov/nuccore/KX136995	Mumps virus genotype L	L	1866277		unclassified	B	FALSE
KX136996	KX136996.1	MuVi/NLD/0.60/2[L]		1960-XX-XX	Europe	Netherlands			1749	Homo sapiens		2016-11-01	2016-11-01	Gouma et al.	"Gouma,S.,Vermeire,T.,Van Gucht,S.,Martens,L.,Hutse,V.,Cremer,J.,Rota,P.,Leroux-Roels,G.,Koopmans,M.,van Binnendijk,R.,Vandermarliere,E."	"National Institute for Public Health and the Environment (RIVM), Centre for Infectious Disease Research, Diagnostics and Screening (IDS)"	https://www.ncbi.nlm.nih.gov/nuccore/KX136996	Mumps virus genotype L	L	1866277		unclassified	B	FALSE
KX136998	KX136998.1	MuVi/NLD/0.62/1		1962-XX-XX	Europe	Netherlands			1749	Homo sapiens		2016-11-01	2016-11-01	Gouma et al.	"Gouma,S.,Vermeire,T.,Van Gucht,S.,Martens,L.,Hutse,V.,Cremer,J.,Rota,P.,Leroux-Roels,G.,Koopmans,M.,van Binnendijk,R.,Vandermarliere,E."	"National Institute for Public Health and the Environment (RIVM), Centre for Infectious Disease Research, Diagnostics and Screening (IDS)"	https://www.ncbi.nlm.nih.gov/nuccore/KX136998	Mumps orthorubulavirus		2560602		unclassified	B	FALSE
KX136999	KX136999.1	MuVi/NLD/0.62/2		1962-XX-XX	Europe	Netherlands			1749	Homo sapiens		2016-11-01	2016-11-01	Gouma et al.	"Gouma,S.,Vermeire,T.,Van Gucht,S.,Martens,L.,Hutse,V.,Cremer,J.,Rota,P.,Leroux-Roels,G.,Koopmans,M.,van Binnendijk,R.,Vandermarliere,E."	"National Institute for Public Health and the Environment (RIVM), Centre for Infectious Disease Research, Diagnostics and Screening (IDS)"	https://www.ncbi.nlm.nih.gov/nuccore/KX136999	Mumps orthorubulavirus		2560602		unclassified	B	FALSE
KX137001	KX137001.1	MuVi/NLD/0.64/1[L]		1964-XX-XX	Europe	Netherlands			1749	Homo sapiens		2016-11-01	2016-11-01	Gouma et al.	"Gouma,S.,Vermeire,T.,Van Gucht,S.,Martens,L.,Hutse,V.,Cremer,J.,Rota,P.,Leroux-Roels,G.,Koopmans,M.,van Binnendijk,R.,Vandermarliere,E."	"National Institute for Public Health and the Environment (RIVM), Centre for Infectious Disease Research, Diagnostics and Screening (IDS)"	https://www.ncbi.nlm.nih.gov/nuccore/KX137001	Mumps virus genotype L	L	1866277		unclassified	B	FALSE
KX137002	KX137002.1	MuVi/NLD/0.64/2		1964-XX-XX	Europe	Netherlands			1749	Homo sapiens		2016-11-01	2016-11-01	Gouma et al.	"Gouma,S.,Vermeire,T.,Van Gucht,S.,Martens,L.,Hutse,V.,Cremer,J.,Rota,P.,Leroux-Roels,G.,Koopmans,M.,van Binnendijk,R.,Vandermarliere,E."	"National Institute for Public Health and the Environment (RIVM), Centre for Infectious Disease Research, Diagnostics and Screening (IDS)"	https://www.ncbi.nlm.nih.gov/nuccore/KX137002	Mumps orthorubulavirus		2560602		unclassified	B	FALSE
KX137023	KX137023.1	MuVi/NLD/0.63/2		1963-XX-XX	Europe	Netherlands			1749	Homo sapiens		2016-11-01	2016-11-01	Gouma et al.	"Gouma,S.,Vermeire,T.,Van Gucht,S.,Martens,L.,Hutse,V.,Cremer,J.,Rota,P.,Leroux-Roels,G.,Koopmans,M.,van Binnendijk,R.,Vandermarliere,E."	"National Institute for Public Health and the Environment (RIVM), Centre for Infectious Disease Research, Diagnostics and Screening (IDS)"	https://www.ncbi.nlm.nih.gov/nuccore/KX137023	Mumps orthorubulavirus		2560602		unclassified	B	FALSE
KX609803	KX609803.1	MuVs/Tarragona.ES/16.2007[G]	PAR0151	2007-04-20	Europe	Spain	Tarragona		204	Homo sapiens		2016-08-14	2016-08-14	Anton et al.	"Anton,A.,Isanta,R.,Pumarola,T.,Costa,J."	"Centre de Diagnostic Biomedic - Hospital Clinic, Virology"	https://www.ncbi.nlm.nih.gov/nuccore/KX609803	Mumps virus genotype G	G	1384672		G		FALSE
KX609885	KX609885.1	MuVs/Barcelona.ES/38.2007/1[G]	PAR0607	2007-09-24	Europe	Spain	Catalunya	Barcelona ES	202	Homo sapiens		2016-08-14	2016-08-14	Anton et al.	"Anton,A.,Isanta,R.,Pumarola,T.,Costa,J."	"Centre de Diagnostic Biomedic - Hospital Clinic, Virology"	https://www.ncbi.nlm.nih.gov/nuccore/KX609885	Mumps virus genotype G	G	1384672		G		FALSE
KX609915	KX609915.1	MuVs/Barcelona.ES/4.2010[D]	PAR1664	2010-01-26	Europe	Spain	Catalunya	Barcelona ES	205	Homo sapiens		2016-08-14	2016-08-14	Anton et al.	"Anton,A.,Isanta,R.,Pumarola,T.,Costa,J."	"Centre de Diagnostic Biomedic - Hospital Clinic, Virology"	https://www.ncbi.nlm.nih.gov/nuccore/KX609915	Mumps virus genotype D	D	1395179		D		FALSE
KX609922	KX609922.1	MuVs/Barcelona.ES/31.2010[G]	PAR1933	2010-09-01	Europe	Spain	Catalunya	Barcelona ES	665	Homo sapiens		2016-08-14	2016-08-14	Anton et al.	"Anton,A.,Isanta,R.,Pumarola,T.,Costa,J."	"Centre de Diagnostic Biomedic - Hospital Clinic, Virology"	https://www.ncbi.nlm.nih.gov/nuccore/KX609922	Mumps virus genotype G	G	1384672	G	unclassified	G	FALSE